"S3 Key","tag","probability"
"m/PJ-16/PJ-16-36-M2.jpg","woman","0.99699664"
"m/PJ-16/PJ-16-36-M1.jpg","no person","0.9959397"
"m/PJ-16/PJ-16-35-M1.jpg","no person","0.9941508"
"m/PJ-16/PJ-16-34-M6.jpg","woman","0.9963829"
"m/PJ-16/PJ-16-34-M5.jpg","woman","0.99822515"
"m/PJ-16/PJ-16-34-M4.jpg","woman","0.9958185"
"m/PJ-16/PJ-16-34-M3.jpg","woman","0.9973637"
"m/PJ-16/PJ-16-33-M1.jpg","steel","0.9907323"
"m/PJ-16/PJ-16-32-M3.jpg","woman","0.9977359"
"m/PJ-16/PJ-16-32-M2.jpg","woman","0.99455"
"m/PJ-16/PJ-16-32-M1.jpg","woman","0.9966023"
"m/PJ-16/PJ-16-31-M3.jpg","indoors","0.980406"
"m/PJ-16/PJ-16-31-M2.jpg","fashion","0.98766124"
"m/PJ-16/PJ-16-31-M1.jpg","indoors","0.98599726"
"m/PJ-16/PJ-16-30-M5.jpg","business","0.9648857"
"m/PJ-16/PJ-16-30-M3.jpg","woman","0.98847926"
"m/PJ-16/PJ-16-29-M3.jpg","fashion","0.99329394"
"m/PJ-16/PJ-16-29-M2.jpg","no person","0.9654843"
"m/PJ-16/PJ-16-28-M4.jpg","woman","0.99715644"
"m/PJ-16/PJ-16-28-M3.jpg","desktop","0.96472144"
"m/PJ-16/PJ-16-28-M2.jpg","business","0.97751313"
"m/PJ-16/PJ-16-28-M1.jpg","people","0.97479117"
"m/PJ-16/PJ-16-27-M2.jpg","desktop","0.9615257"
"m/PJ-16/PJ-16-27-M1.jpg","woman","0.9949581"
"m/PJ-16/PJ-16-26-M4.jpg","fashion","0.9880711"
"m/PJ-16/PJ-16-26-M3.jpg","woman","0.99128747"
"m/PJ-16/PJ-16-26-M2.jpg","fashion","0.9661344"
"m/PJ-16/PJ-16-25-M4.jpg","woman","0.99658114"
"m/PJ-16/PJ-16-25-M3.jpg","woman","0.9976199"
"m/PJ-16/PJ-16-25-M2.jpg","woman","0.9983435"
"m/PJ-16/PJ-16-23-M3.jpg","fashion","0.99475306"
"m/PJ-16/PJ-16-23-M2.jpg","fashion","0.9884628"
"m/PJ-16/PJ-16-23-M1.jpg","woman","0.9975995"
"m/PJ-16/PJ-16-22-M4.jpg","child","0.99272585"
"m/PJ-16/PJ-16-22-M3.jpg","people","0.98637915"
"m/PJ-16/PJ-16-18-M8.jpg","hand","0.98710513"
"m/PJ-16/PJ-16-18-M7.jpg","woman","0.9946008"
"m/PJ-16/PJ-16-18-M6.jpg","woman","0.98854387"
"m/PJ-16/PJ-16-18-M5.jpg","woman","0.9745156"
"m/PJ-16/PJ-16-17-M2.jpg","woman","0.9929061"
"m/pool/wMIHQxBnQoyZRjNqxwfr_PJ-278-15-P1.jpg","illustration","0.9574427"
"m/PJ-278/PJ-278-18-P2.jpg","text","0.9660007"
"m/PJ-278/PJ-278-18-P1.jpg","hand","0.97013354"
"m/PJ-278/PJ-278-17-P2.jpg","symbol","0.9827956"
"m/PJ-278/PJ-278-17-P1.jpg","symbol","0.9851937"
"m/PJ-278/PJ-278-16-P2.jpg","desktop","0.95129144"
"m/PJ-278/PJ-278-15-P2.jpg","character","0.9957775"
"m/PJ-278/PJ-278-15-P1.jpg","illustration","0.96031797"
"m/PJ-278/PJ-278-14-P2.jpg","funny","0.9958644"
"m/PJ-278/PJ-278-14-P1.jpg","illustration","0.9887724"
"m/PJ-278/PJ-278-13-P2.jpg","illustration","0.9096819"
"m/PJ-278/PJ-278-13-P1.jpg","illustration","0.98693"
"m/PJ-278/PJ-278-12-P3.jpg","bird","0.98108727"
"m/PJ-278/PJ-278-12-P2.jpg","art","0.988045"
"m/PJ-278/PJ-278-12-P1.jpg","sketch","0.9956081"
"m/PJ-278/PJ-278-21-P7.jpg","container","0.99490726"
"m/PJ-278/PJ-278-21-P6.jpg","tea","0.9829453"
"m/PJ-278/PJ-278-21-P5.jpg","tea","0.99761355"
"m/PJ-278/PJ-278-21-P4.jpg","isolated","0.99058187"
"m/PJ-278/PJ-278-21-P3.jpg","cup","0.98791933"
"m/PJ-278/PJ-278-21-P2.jpg","no person","0.98241925"
"m/PJ-278/PJ-278-21-P1.jpg","coffee","0.9953518"
"m/PJ-278/PJ-278-20-P8.jpg","container","0.99679387"
"m/PJ-278/PJ-278-20-P7.jpg","container","0.99186575"
"m/PJ-278/PJ-278-20-P6.jpg","tea","0.98825985"
"m/PJ-278/PJ-278-20-P5.jpg","drink","0.9961522"
"m/PJ-278/PJ-278-20-P4.jpg","isolated","0.9891739"
"m/PJ-278/PJ-278-20-P3.jpg","cup","0.997511"
"m/PJ-278/PJ-278-20-P2.jpg","container","0.9938098"
"m/PJ-278/PJ-278-20-P1.jpg","cup","0.9979825"
"m/PJ-278/PJ-278-18-P3.jpg","symbol","0.9480407"
"m/PJ-278/PJ-278-16-P5.jpg","illustration","0.9731338"
"m/PJ-278/PJ-278-16-P4.jpg","illustration","0.9792807"
"m/PJ-278/PJ-278-16-P3.jpg","illustration","0.96799725"
"m/PJ-278/PJ-278-15-P5.jpg","symbol","0.96080804"
"m/PJ-278/PJ-278-15-P4.jpg","illustration","0.98885155"
"m/PJ-278/PJ-278-15-P3.jpg","illustration","0.983269"
"m/PJ-278/PJ-278-14-P5.jpg","paper","0.982636"
"m/PJ-278/PJ-278-14-P4.jpg","pizza","0.98667455"
"m/PJ-278/PJ-278-14-P3.jpg","pizza","0.99309576"
"m/PJ-278/PJ-278-13-P4.jpg","illustration","0.9652897"
"m/PJ-278/PJ-278-13-P3.jpg","paper","0.99027663"
"m/PJ-278/PJ-278-12-P8.jpg","illustration","0.99256605"
"m/PJ-278/PJ-278-12-P7.jpg","illustration","0.98574597"
"m/PJ-278/PJ-278-12-P6.jpg","desktop","0.9736656"
"m/PJ-278/PJ-278-12-P5.jpg","design","0.97767055"
"m/PJ-278/PJ-278-12-P4.jpg","design","0.96765524"
"m/PJ-94/PJ-94-124-P2.jpg","no person","0.96324235"
"m/PJ-94/PJ-94-124-P1.jpg","time","0.9858021"
"m/PJ-94/PJ-94-123-P2.jpg","no person","0.96324235"
"m/PJ-94/PJ-94-122-P2.jpg","art","0.97958696"
"m/PJ-94/PJ-94-121-P2.jpg","art","0.97958696"
"m/PJ-94/PJ-94-121-P1.jpg","time","0.9977769"
"m/PJ-94/PJ-94-120-P2.jpg","motley","0.95808923"
"m/PJ-94/PJ-94-120-P1.jpg","time","0.9939184"
"m/pool/HmL1rEIQxet6SKxVuEe0_m2FPJ-4242FP1-PJ-424-74.jpg","picture frame","0.98596394"
"m/pool/GkVyxHy1QPOY8j4od3rU_m2Fpool2FuIHxLK5ERBqOqqlu6CZZ_PJ-472-42-P1.jpg","illustration","0.98071873"
"m/pool/gBeRFcubSsWTuurgT9iF_m2FPJ-982FPJ-98-92FPJ-98-9-cluse-la-boheme-watch-in-silver-black-ii-M3.jpg","people","0.97826064"
"m/pool/l8tqH2S0RUiODBVAJUQw_m2FPJ-1422FPJ-142-292FPJ-142-29-apreciouz-classic-necklace-in-mustard--P3.jpg","disjunct","0.98667634"
"m/pool/fPGbodEMRpeTyFOvuEWo_m2FPJ-2362FPJ-236-102FPJ-236-10-magda-koenner-jewellery-truss-statement-necklace--M1.jpeg","girl","0.99396586"
"m/pool/tT5PcErvQZGNkW9baU3X_m2FPJ-252FPJ-25-472Fcrystal-and-sage-smokey-quartz-necklace-in-gold-M1.jpg","woman","0.99367285"
"m/pool/odoW5aItRPmmlyK98bkF_m2Fpool2F4PzFDJwZTmqMSG58WwAd_P1-PJ-533-8.jpg","blank","0.9807609"
"m/pool/CoGsrwMS4YOTTZXhArVA_m2Fpool2FaJCanjvISe2ZlGeoIQUW_rappersdelight.jpg","illustration","0.9612079"
"m/pool/zeEsQ335ThKVmntfmljq_m2FPJ-552FPJ-55-192Fjukserei-smooth-bracelet-in-rose-gold-M1.jpg","woman","0.98396695"
"m/pool/htXSV6R62YLrljkcuhhA_m2FPJ-4242FP1-PJ-424-75.jpg","picture frame","0.9742806"
"m/pool/5qX3lnvMRm6hNeEiQlaV_m2Fpool2Fy19uERXQSSq6z0tvfXDM_P1-PJ-424-89.jpg","picture frame","0.9791838"
"m/pool/Y5R99Wc4TOEzAgVbGc7O_model.jpg","room","0.98608077"
"m/pool/VO1pGIB5Qay2bGzoSLQu_bananas.jpg","paper","0.97034335"
"m/PJ-413/P1-PJ-413-210.jpg","empty","0.9626539"
"m/PJ-413/P1-PJ-413-209.jpg","design","0.9830776"
"m/PJ-413/P1-PJ-413-204.jpg","paper","0.99173856"
"m/PJ-413/P1-PJ-413-203.jpg","empty","0.968423"
"m/PJ-413/P1-PJ-413-202.jpg","paper","0.9851802"
"m/PJ-413/P1-PJ-413-199.jpg","paper","0.96873903"
"m/PJ-413/P1-PJ-413-198.jpg","no person","0.9933932"
"m/PJ-413/P1-PJ-413-197.jpg","paper","0.9879101"
"m/PJ-413/P1-PJ-413-217.jpg","modern","0.926702"
"m/PJ-413/P1-PJ-413-216.jpg","design","0.96228486"
"m/PJ-413/P1-PJ-413-215.jpg","leaf","0.9880062"
"m/PJ-413/P1-PJ-413-214.jpg","sign","0.9895958"
"m/PJ-413/P1-PJ-413-213.jpg","illustration","0.9807352"
"m/PJ-413/P1-PJ-413-212.jpg","sign","0.9921851"
"m/PJ-413/P1-PJ-413-208.jpg","desktop","0.9777595"
"m/PJ-413/P1-PJ-413-207.jpg","paper","0.9927367"
"m/PJ-413/P1-PJ-413-206.jpg","desktop","0.9610807"
"m/PJ-413/P1-PJ-413-205.jpg","illustration","0.9770862"
"m/PJ-413/P1-PJ-413-196.jpg","illustration","0.99436164"
"m/PJ-413/P1-PJ-413-195.jpg","illustration","0.9534114"
"m/PJ-413/P1-PJ-413-194.jpg","paper","0.9873039"
"m/PJ-413/P1-PJ-413-192.jpg","flora","0.9890163"
"m/PJ-413/P1-PJ-413-191.jpg","vector","0.98653567"
"m/PJ-413/P1-PJ-413-190.jpg","nature","0.9849091"
"m/pool/o9Rv3wRIR8KO5roa8IMl_P1-PJ-166-32.jpg","art","0.96458054"
"m/pool/zG37GLSQxGHIDFOut1Dl_P1-PJ-166-37.jpg","hanging","0.98071694"
"m/pool/BJSh5br2S02LAgnzHHbY_beach.jpg","art","0.97693616"
"m/pool/jFjEGsmfTQeMBhKvvsCx_ArtboardSalty.png","room","0.9933429"
"m/pool/plxt9pESymuIPdg30QsE_AVATAR_circular.png","no person","0.9817549"
"m/pool/Dn6fAknGSfm6zPi5WcOL_pinkypromise.jpg","inside","0.9790077"
"m/pool/sinEfTWFQkivutCy1rvo_m2FPJ-4132FP1-PJ-413-104.jpg","vector","0.977834"
"m/pool/aJCanjvISe2ZlGeoIQUW_rappersdelight.jpg","illustration","0.96021026"
"m/PJ-290/PJ-290-61-P2.jpg","illustration","0.9443605"
"m/PJ-290/PJ-290-61-P1.jpg","illustration","0.9902208"
"m/PJ-290/PJ-290-60-P2.jpg","desktop","0.99332654"
"m/PJ-290/PJ-290-60-P1.jpg","art","0.993426"
"m/PJ-290/PJ-290-59-P2.jpg","isolated","0.9467516"
"m/PJ-290/PJ-290-59-P1.jpg","gear","0.98803365"
"m/PJ-290/PJ-290-58-P2.jpg","no person","0.9895709"
"m/PJ-290/PJ-290-58-P1.jpg","wine","0.99885345"
"m/PJ-290/PJ-290-57-P1.jpg","retro","0.91807026"
"m/PJ-290/PJ-290-56-P2.jpg","illustration","0.94907224"
"m/PJ-290/PJ-290-56-P1.jpg","illustration","0.9684767"
"m/PJ-593/P1-PJ-593-9.jpg","illustration","0.9771118"
"m/PJ-593/P1-PJ-593-8.jpg","water","0.9947843"
"m/PJ-593/P1-PJ-593-7.jpg","animal","0.9943032"
"m/PJ-593/P1-PJ-593-6.jpg","animal","0.9956938"
"m/PJ-593/P1-PJ-593-5.jpg","water","0.9934619"
"m/PJ-593/P1-PJ-593-4.jpg","rose","0.9977027"
"m/PJ-593/P1-PJ-593-32.jpg","animal","0.9966965"
"m/PJ-593/P1-PJ-593-31.jpg","bird","0.9944386"
"m/PJ-593/P1-PJ-593-30.jpg","water","0.9957206"
"m/PJ-593/P1-PJ-593-3.jpg","animal","0.99763846"
"m/PJ-593/P1-PJ-593-29.jpg","woman","0.9929191"
"m/PJ-593/P1-PJ-593-28.jpg","touch","0.96141994"
"m/PJ-593/P1-PJ-593-27.jpg","people","0.93144023"
"m/PJ-593/P1-PJ-593-26.jpg","illustration","0.9810457"
"m/PJ-593/P1-PJ-593-25.jpg","body","0.96770597"
"m/PJ-593/P1-PJ-593-24.jpg","sky","0.95075333"
"m/PJ-593/P1-PJ-593-23.jpg","body","0.9861757"
"m/PJ-593/P1-PJ-593-22.jpg","woman","0.9846823"
"m/PJ-593/P1-PJ-593-21.jpg","water","0.99177647"
"m/PJ-593/P1-PJ-593-20.jpg","woman","0.99607503"
"m/PJ-593/P1-PJ-593-2.jpg","food","0.96755457"
"m/PJ-593/P1-PJ-593-19.jpg","woman","0.98073983"
"m/PJ-593/P1-PJ-593-18.jpg","animal","0.9745295"
"m/PJ-593/P1-PJ-593-17.jpg","sea","0.9961095"
"m/PJ-593/P1-PJ-593-16.jpg","mouth","0.9996178"
"m/PJ-593/P1-PJ-593-15.jpg","child","0.97335374"
"m/PJ-593/P1-PJ-593-14.jpg","woman","0.93225574"
"m/PJ-593/P1-PJ-593-13.jpg","planet","0.9990181"
"m/PJ-593/P1-PJ-593-12.jpg","beef","0.9745621"
"m/PJ-593/P1-PJ-593-11.jpg","landscape","0.99299514"
"m/PJ-593/P1-PJ-593-10.jpg","sea","0.99178314"
"m/PJ-593/P1-PJ-593-1.jpg","animal","0.99772155"
"m/pool/85nzzgCQFSjog08tlp9g_P1-PJ-553-46.jpg","empty","0.97321534"
"m/PJ-579/P1-PJ-579-75.jpg","sport","0.9915631"
"m/PJ-579/P1-PJ-579-74.jpg","medicine","0.97473645"
"m/PJ-579/P1-PJ-579-73.jpg","nature","0.9809774"
"m/PJ-579/P1-PJ-579-72.jpg","illustration","0.9508922"
"m/PJ-579/P1-PJ-579-71.jpg","no person","0.99726367"
"m/PJ-579/P1-PJ-579-70.jpg","landscape","0.9898889"
"m/PJ-579/P1-PJ-579-69.jpg","paper","0.9867226"
"m/PJ-579/P1-PJ-579-68.jpg","art","0.97758543"
"m/PJ-579/P1-PJ-579-67.jpg","illustration","0.98165137"
"m/PJ-579/P1-PJ-579-66.jpg","illustration","0.98736894"
"m/PJ-579/P1-PJ-579-65.jpg","wood","0.9694393"
"m/PJ-579/P1-PJ-579-64.jpg","illustration","0.9606608"
"m/PJ-579/P1-PJ-579-63.jpg","design","0.9599756"
"m/PJ-579/P1-PJ-579-62.jpg","design","0.9657123"
"m/PJ-579/P1-PJ-579-61.jpg","symbol","0.9681859"
"m/PJ-579/P1-PJ-579-60.jpg","illustration","0.9360281"
"m/PJ-579/P1-PJ-579-59.jpg","illustration","0.91145694"
"m/PJ-579/P1-PJ-579-58.jpg","design","0.9672972"
"m/PJ-579/P1-PJ-579-57.jpg","design","0.97156256"
"m/PJ-110/PJ-110-25-M7.jpg","document","0.99779415"
"m/PJ-110/PJ-110-25-M6.jpg","paper","0.99529296"
"m/PJ-110/PJ-110-25-M5.jpg","paper","0.99882674"
"m/PJ-110/PJ-110-25-M4.jpg","paper","0.9984267"
"m/PJ-110/PJ-110-25-M3.jpg","no person","0.9783181"
"m/PJ-110/PJ-110-25-M2.jpg","no person","0.9804188"
"m/PJ-110/PJ-110-25-M1.jpg","paper","0.9840522"
"m/PJ-110/PJ-110-24-M8.jpg","paper","0.9878864"
"m/PJ-110/PJ-110-24-M7.jpg","paper","0.9988331"
"m/PJ-110/PJ-110-24-M6.jpg","paper","0.9876145"
"m/PJ-110/PJ-110-24-M5.jpg","paper","0.9969741"
"m/PJ-110/PJ-110-24-M4.jpg","paper","0.99033487"
"m/PJ-110/PJ-110-24-M3.jpg","no person","0.99677086"
"m/PJ-110/PJ-110-24-M2.jpg","no person","0.98796916"
"m/PJ-110/PJ-110-24-M1.jpg","no person","0.98574966"
"m/PJ-110/PJ-110-23-M9.jpg","paper","0.98735154"
"m/PJ-110/PJ-110-23-M8.jpg","paper","0.99633455"
"m/PJ-110/PJ-110-23-M7.jpg","document","0.99779415"
"m/PJ-110/PJ-110-23-M6.jpg","paper","0.99529296"
"m/PJ-110/PJ-110-23-M5.jpg","paper","0.99882674"
"m/PJ-110/PJ-110-23-M4.jpg","paper","0.9984267"
"m/PJ-110/PJ-110-23-M3.jpg","no person","0.9783181"
"m/PJ-110/PJ-110-23-M2.jpg","no person","0.9804188"
"m/PJ-110/PJ-110-23-M1.jpg","paper","0.9840522"
"m/PJ-110/PJ-110-22-M8.jpg","paper","0.9878864"
"m/PJ-110/PJ-110-22-M7.jpg","paper","0.9988331"
"m/PJ-110/PJ-110-22-M6.jpg","paper","0.9876145"
"m/PJ-110/PJ-110-22-M5.jpg","paper","0.9969741"
"m/PJ-110/PJ-110-22-M4.jpg","paper","0.99033487"
"m/PJ-110/PJ-110-22-M3.jpg","no person","0.99677086"
"m/PJ-110/PJ-110-22-M2.jpg","no person","0.98796916"
"m/PJ-110/PJ-110-22-M1.jpg","paper","0.99111605"
"m/PJ-110/P1-PJ-110-31.jpg","empty","0.98050034"
"m/PJ-110/P1-PJ-110-30.jpg","empty","0.9810077"
"m/PJ-110/P1-PJ-110-29.jpg","blank","0.9869678"
"m/PJ-110/P1-PJ-110-28.jpg","blank","0.98265743"
"m/PJ-110/P1-PJ-110-27.jpg","paper","0.9772835"
"m/PJ-110/P1-PJ-110-26.jpg","paper","0.96703535"
"m/PJ-110/P1-PJ-110-25.jpg","no person","0.9904592"
"m/PJ-110/P1-PJ-110-24.jpg","empty","0.9877978"
"m/PJ-110/P1-PJ-110-23.jpg","picture frame","0.9828651"
"m/PJ-110/P1-PJ-110-22.jpg","blank","0.983192"
"m/pool/aT0xOngURlGnrHoey554_m2Fpool2FTWAktKpTk23dgiE8cPGl_P1-PJ-585-1.jpg","paper","0.9924259"
"m/pool/g1oliZesRsS0IXA4Fk1z_m2FPJ-5452FP1-PJ-545-3.jpg","jewelry","0.9978175"
"m/pool/qAHMG31lT2ij82ZTF7sX_P1-PJ-545-17.jpg","winter","0.9326985"
"m/pool/hIQ75h6TTiyfpDZdvHJS_M1-PJ-545-17.jpg","woman","0.98960876"
"m/pool/eT8nwF61RUWHDAcInYJ9_cslogo1.jpg","symbol","0.9884997"
"m/PJ-390PJ-390-9-M2.jpg","no person","0.9825442"
"m/PJ-390PJ-390-4-M2.jpg","pattern","0.9898968"
"m/PJ-390PJ-390-2-M4.jpg","clean","0.96401966"
"m/PJ-390PJ-390-2-M3.jpg","no person","0.9292058"
"m/PJ-390PJ-390-2-M2.jpg","sky","0.98033684"
"m/PJ-545/P1-PJ-545-7.jpg","no person","0.9710306"
"m/PJ-545/P1-PJ-545-6.jpg","gem","0.9722806"
"m/PJ-545/P1-PJ-545-5.jpg","chain","0.99855304"
"m/PJ-545/P1-PJ-545-15.jpg","hanging","0.99782574"
"m/PJ-545/P1-PJ-545-10.jpg","food","0.98844224"
"m/pool/eCNQITiIS8maUKC1T9N8_a50aaa_c538c74bbfe647dc91de3b988fbb09df-mv2_d_7360_4912_s_4_2.jpg","nature","0.98906255"
"m/pool/rEvyh8e9TMqFvUyUnLIf_a50aaa_ec47e84a76834c868eb1d8d23e51b17b-mv2_d_7360_4912_s_4_2.jpg","nature","0.99632204"
"m/pool/knmvMf9SoCn6n00B3QpM_M1-PJ-424-93.jpg","desktop","0.89215463"
"m/pool/WI1ipZtcQkSx9qrQMqi2_M1-PJ-424-91.jpg","picture frame","0.98838526"
"m/pool/J60WCjgBSAiRdEi6Mbb2_M1-PJ-424-88.jpg","leaf","0.9798821"
"m/pool/PhSTi11BSZuJaTo60Xhy_M1-PJ-424-80.jpg","paper","0.970066"
"m/PJ-302/PJ-302-16-M2.jpg","music","0.98782104"
"m/PJ-302/PJ-302-16-M1.jpg","portrait","0.98751944"
"m/pool/PNXAzU3KRabO6mExpVdY_P1-PJ-555-11.jpg","fashion","0.98341423"
"m/pool/agnHmamFTTeLzkiLB519_unnamed.jpg","illustration","0.9608567"
"m/pool/pZsgV7TgQ3FXZglKQDOx_Head.jpg","no person","0.9865121"
"m/PJ-590/P1-PJ-590-9.jpg","bird","0.9981907"
"m/PJ-94/PJ-94-119-P2.jpg","motley","0.95808923"
"m/PJ-94/PJ-94-118-P2.jpg","fashion","0.97646093"
"m/PJ-94/PJ-94-118-P1.jpg","time","0.999526"
"m/PJ-94/PJ-94-117-P2.jpg","fashion","0.97646093"
"m/PJ-94/PJ-94-116-P2.jpg","tool","0.9889579"
"m/PJ-94/PJ-94-116-P1.jpg","isolated","0.98588425"
"m/PJ-94/PJ-94-115-P2.jpg","art","0.9933661"
"m/PJ-94/PJ-94-115-P1.jpg","no person","0.93749595"
"m/PJ-94/PJ-94-114-P1.jpg","clock","0.96440697"
"m/PJ-94/PJ-94-113-P2.jpg","illustration","0.9815115"
"m/PJ-94/PJ-94-113-P1.jpg","electricity","0.95996094"
"m/PJ-94/PJ-94-112-P1.jpg","time","0.9915594"
"m/PJ-94/PJ-94-111-P2.jpg","art","0.9795859"
"m/PJ-94/PJ-94-111-P1.jpg","no person","0.97983223"
"m/PJ-94/PJ-94-110-P2.jpg","illustration","0.9811363"
"m/PJ-94/PJ-94-110-P1.jpg","illustration","0.9755024"
"m/PJ-94/PJ-94-109-P2.jpg","tool","0.9852268"
"m/PJ-94/PJ-94-109-P1.jpg","no person","0.9950446"
"m/PJ-94/PJ-94-108-P2.jpg","art","0.98051226"
"m/PJ-94/PJ-94-108-P1.jpg","no person","0.96546686"
"m/PJ-94/PJ-94-107-P2.jpg","no person","0.9697412"
"m/PJ-94/PJ-94-107-P1.jpg","time","0.97759616"
"m/PJ-94/PJ-94-106-P2.jpg","tool","0.990619"
"m/PJ-94/PJ-94-106-P1.jpg","lamp","0.99529684"
"m/PJ-94/PJ-94-105-P2.jpg","knife","0.9947923"
"m/PJ-94/PJ-94-105-P1.jpg","time","0.9990494"
"m/PJ-94/PJ-94-104-P2.jpg","tool","0.99075985"
"m/PJ-94/PJ-94-104-P1.jpg","symbol","0.98017913"
"m/pool/B1iiNF4TbOi5OGpXjao9_ellis-faas-banner.jpg","woman","0.98963743"
"m/pool/9Xa24D2IQ1aJEeMcjGa1_posters_typography.jpg","no person","0.99773145"
"m/pool/qRdbnH1ORqOf3MsMtowy_AndyWarhol_lifestyle_FY_1200x600px.jpg","paper","0.9550466"
"m/PJ-567/P2-PJ-567-4.jpg","illustration","0.9912464"
"m/PJ-567/P2-PJ-567-3.jpg","retro","0.9978851"
"m/PJ-567/P2-PJ-567-2.jpg","illustration","0.99580014"
"m/PJ-567/P2-PJ-567-1.jpg","design","0.98380286"
"m/PJ-567/P1-PJ-567-4.jpg","symbol","0.9756135"
"m/PJ-567/P1-PJ-567-3.jpg","wealth","0.9757143"
"m/PJ-567/P1-PJ-567-2.jpg","fashion","0.98182404"
"m/PJ-567/P1-PJ-567-1.jpg","illustration","0.97539693"
"m/PJ-532/P1-PJ-532-116.jpg","nature","0.98764896"
"m/PJ-532/P1-PJ-532-115.jpg","nature","0.9910071"
"m/PJ-532/P1-PJ-532-114.jpg","animal","0.9932747"
"m/PJ-532/P1-PJ-532-113.jpg","sky","0.9856597"
"m/PJ-532/P1-PJ-532-112.jpg","nature","0.98156464"
"m/PJ-532/P1-PJ-532-111.jpg","desktop","0.9913058"
"m/PJ-532/P1-PJ-532-110.jpg","nature","0.9923826"
"m/PJ-532/P1-PJ-532-109.jpg","blank","0.97923785"
"m/PJ-532/P1-PJ-532-108.jpg","picture frame","0.99155927"
"m/PJ-519/P1-PJ-519-54.jpg","moon","0.9936521"
"m/PJ-519/P1-PJ-519-53.jpg","desktop","0.95561576"
"m/PJ-519/P1-PJ-519-52.jpg","disjunct","0.96723104"
"m/PJ-519/P1-PJ-519-51.jpg","no person","0.9800315"
"m/PJ-519/P1-PJ-519-50.jpg","vector","0.9786454"
"m/PJ-519/P1-PJ-519-49.jpg","illustration","0.97279584"
"m/PJ-519/P1-PJ-519-48.jpg","image","0.9755415"
"m/PJ-519/P1-PJ-519-47.jpg","ball-shaped","0.976738"
"m/PJ-519/P1-PJ-519-46.jpg","symbol","0.98609126"
"m/PJ-519/P1-PJ-519-45.jpg","retro","0.9635925"
"m/PJ-519/P1-PJ-519-44.jpg","no person","0.93461394"
"m/PJ-519/P1-PJ-519-43.jpg","illustration","0.9535555"
"m/PJ-519/P1-PJ-519-42.jpg","symbol","0.93068606"
"m/PJ-519/P1-PJ-519-41.jpg","nature","0.9777237"
"m/PJ-519/P1-PJ-519-40.jpg","desktop","0.9628813"
"m/PJ-519/P1-PJ-519-39.jpg","illustration","0.98943496"
"m/PJ-519/P1-PJ-519-38.jpg","ball-shaped","0.9944571"
"m/PJ-519/P1-PJ-519-37.jpg","illustration","0.96936643"
"m/PJ-520/P1-PJ-520-33.jpg","illustration","0.96240276"
"m/PJ-520/P1-PJ-520-32.jpg","fruit","0.98352885"
"m/PJ-520/P1-PJ-520-31.jpg","art","0.9585775"
"m/PJ-520/P1-PJ-520-30.jpg","desktop","0.94398344"
"m/PJ-520/P1-PJ-520-29.jpg","animal","0.9975982"
"m/pool/aPGtuWhTlKDullWoYK1V_20902735_325500344564993_4544831154498306048_n.jpg","no person","0.9855174"
"m/pool/bXU3CVb3SmS5YXWFIDCI_Artboard.jpg","man","0.9419962"
"m/pool/kz0BbfExRjmQkoWq7KKG_20986985_165890040654144_3070654956668190720_n.jpg","woman","0.99334764"
"m/pool/g4aDwz1ySHKZbwIkYNP4_m2FPJ-5562FM1-PJ-556-4.jpg","woman","0.99194896"
"m/pool/rqEjeVVcRZ6ETvGBY0JM_m2FPJ-5452FP1-PJ-545-1.jpg","precious","0.99702346"
"m/pool/QjEUiywxQBWY3RJ925eP_m2FPJ-2482FP1-PJ-248-21.jpg","shape","0.983935"
"m/pool/KtI1vDNeSjicy8dl2due_m2FPJ-5452FP1-PJ-545-9.jpg","no person","0.9569515"
"m/pool/Fyl2ZOWSzimlgPOXZRLd_m2Fpool2FqAHMG31lT2ij82ZTF7sX_P1-PJ-545-17.jpg","winter","0.95087516"
"m/pool/moIE9z2TUCWl0gR6jp0g_m2FPJ-5892FP1-PJ-589-14.jpg","jewelry","0.9455923"
"m/pool/rW8BpNymTgiyToLx41VQ_m2FPJ-5892FP1-PJ-589-8.jpg","no person","0.98587877"
"m/pool/4PrjR1EZSIuIMKTvummY_m2FPJ-5832FP1-PJ-583-8.jpg","illustration","0.9894827"
"m/pool/kKc168sRYi3Mlb70Kuyv_m2FPJ-5832FP1-PJ-583-16.jpg","symbol","0.9741353"
"m/pool/wxRsNdZaTbmHfq88KFBV_m2FPJ-5812FP1-PJ-581-4.jpg","illustration","0.9919853"
"m/pool/FqJXC2NXQeedAgfbsH9i_m2FPJ-5812FP1-PJ-581-5.jpg","sketch","0.96129966"
"m/pool/kIRdVutRaZt7SQp6guCQ_m2FPJ-552FPJ-55-62Fjukserei-linie-stud-earrings-in-rose-gold-P2.jpg","no person","0.9859343"
"m/pool/997RtyjnQcW65203N6p1_m2FPJ-982FPJ-98-162FPJ-98-16-cluse-la-boheme-mesh-watch-in-black-M2.jpg","people","0.9881205"
"m/pool/9EV99GgTSGaKgq3QZLT1_m2FPJ-2402FPJ-240-42FPJ-240-4-mumpish-colorama-necklace--P3.jpg","no person","0.98794186"
"m/pool/TZfwdQEDTEqyxjd6cZBV_m2FPJ-522FPJ-52-142Fmatthew-calvin-meteorite-ring-in-rose-gold-P1.jpg","jewelry band","0.99161655"
"m/pool/IezLuysQkyxG2LOLwKcr_m2FPJ-522FPJ-52-382FPJ-52-38-matthew-calvin-screw-top-studs-silver-jewellery-earrings-M2.jpg","woman","0.99684536"
"m/pool/xoH9I2u6TbO9Ph7pKqOQ_m2FPJ-522FPJ-52-442FPJ-52-44-1-matthew-calvin-thin-wire-studs-rose-gold-jewellery-earrings-P1.jpg","no person","0.9774331"
"m/pool/8TpH2AZcTqHA5VcF3foq_m2Fpool2FAw4togkbTyWVoav347Y0_16465800_1870197806591999_5074406866977554432_n.jpg","room","0.9926545"
"m/pool/Zua2RpsXRt21EYySP4pW_m2FPJ-2762FPJ-276-1-M2.jpg","room","0.9955342"
"m/pool/kUS7FFBiTiaji6RaUZPD_m2FPJ-992FPJ-99-352FPJ-99-35-circle-ring-sterling-silver-jewellery-rings-P1.jpg","no person","0.95364237"
"m/pool/pvSW1SVuYYEpOOcVTxQ2_m2FPJ-982FPJ-98-32FPJ-98-3-cluse-la-boheme-watch-in-rose-gold-black-ii-M3.jpg","time","0.979739"
"m/pool/tpoGnPWVRYSknU7nPtxJ_m2FPJ-2472FPJ-247-52FPJ-247-5-hammered-ear-bands-jewellery-earrings-M1.jpeg","girl","0.9958535"
"m/pool/sfcQcG22RwW4U2d4D8SA_m2FPJ-552FPJ-55-462FPJ-55-46-jukserei-creol-earrings-in-silver-jewellery-earrings-M1.jpg","clean","0.9302923"
"m/pool/FktW4JQRT6PV5TnDdjRQ_m2FPJ-5082FPJ-508-5-P5.jpg","woman","0.9680974"
"m/pool/wMzp0BYRnehkyOwDqXNK_m2Fpool2FDn6fAknGSfm6zPi5WcOL_pinkypromise.jpg","inside","0.9797689"
"m/pool/iUsVWCQQIusdApeygxQg_m2Fpool2FCcneeuXQPevR70peSc2m_P1-PJ-533-2.jpg","woman","0.9629243"
"m/pool/HMqatkIRECfUwKUJszAZ_m2FPJ-1592FP1-PJ-159-28.jpg","symbol","0.9818746"
"m/pool/ZMM4Z2XZROG3F1i8DvGk_m2FPJ-3332FPJ-333-112FPJ-333-11-basic-bracelet-in-grey--silver--jewellery-bracelets-P2.jpg","no person","0.9848445"
"m/pool/dNJDX2VrSGlcetJo6npc_m2FPJ-552FPJ-55-182Fjukserei-smooth-bracelet-in-gold-M1.jpg","woman","0.98396695"
"m/pool/VYntH2GgShOlrjbuEbIl_m2FPJ-252FPJ-25-562FPJ-25-56-crystal-and-sage-rock-crystal-pendant-jewellery-necklaces-P3.jpg","no person","0.97361106"
"m/pool/Aba6LHo0TNWiNAgGDBz8_m2FPJ-552FPJ-55-562FPJ-55-56-jukserei-dust-necklace-in-gold-jewellery-necklaces-M2.jpeg","woman","0.99695915"
"m/pool/1Opnlf4RhqIAJLg3RYXS_m2FPJ-1162FPJ-116-92Fpit-bomans-souvenis-tipi-ring-in-sterling-silver-M1.jpg","woman","0.9929289"
"m/pool/s21RJorSQ1qxIqaaxSGY_m2FPJ-552FPJ-55-202Fjukserei-smooth-necklace-in-gold-M1.jpg","girl","0.9923583"
"m/PJ-546/PJ-546-64-P2.jpg","no person","0.991273"
"m/PJ-546/PJ-546-64-P1.jpg","no person","0.98847276"
"m/PJ-546/PJ-546-63-P2.jpg","cotton","0.9946475"
"m/PJ-546/PJ-546-63-P1.jpg","wear","0.995033"
"m/PJ-546/PJ-546-62-P2.jpg","no person","0.9978092"
"m/PJ-546/PJ-546-62-P1.jpg","no person","0.99698985"
"m/PJ-546/PJ-546-61-P2.jpg","cotton","0.9958843"
"m/PJ-546/PJ-546-61-P1.jpg","no person","0.9982571"
"m/PJ-546/PJ-546-60-P2.jpg","leather","0.9876976"
"m/PJ-546/PJ-546-60-P1.jpg","wear","0.99703586"
"m/PJ-546/PJ-546-59-P2.jpg","necklace","0.99382865"
"m/PJ-546/PJ-546-59-P1.jpg","fashion","0.99002373"
"m/PJ-546/PJ-546-58-P2.jpg","pillow","0.9972017"
"m/PJ-546/PJ-546-58-P1.jpg","pillow","0.998335"
"m/PJ-546/PJ-546-57-P4.jpg","no person","0.98990786"
"m/PJ-546/PJ-546-57-P3.jpg","no person","0.9736366"
"m/PJ-546/PJ-546-57-P2.jpg","brush","0.99553764"
"m/PJ-546/PJ-546-57-P1.jpg","design","0.990873"
"m/PJ-546/PJ-546-22-P3.jpg","desktop","0.9783467"
"m/PJ-546/PJ-546-22-P2.jpg","cushion","0.99183804"
"m/PJ-546/PJ-546-22-P1.jpg","pillow","0.99209726"
"m/PJ-546/PJ-546-19-P2.jpg","pillow","0.9983038"
"m/PJ-546/PJ-546-19-P1.jpg","illustration","0.993901"
"m/PJ-166/P1-PJ-166-43.jpg","precious","0.9889357"
"m/PJ-166/P1-PJ-166-42.jpg","desktop","0.95883155"
"m/PJ-166/P1-PJ-166-41.jpg","platinum","0.98165286"
"m/PJ-166/P1-PJ-166-40.jpg","jewelry","0.996256"
"m/PJ-166/P1-PJ-166-39.jpg","desktop","0.9621374"
"m/PJ-166/P1-PJ-166-38.jpg","accessory","0.97697645"
"m/PJ-166/P1-PJ-166-36.jpg","necklace","0.9974807"
"m/PJ-166/P1-PJ-166-35.jpg","necklace","0.9948784"
"m/PJ-166/P1-PJ-166-34.jpg","necklace","0.95460016"
"m/PJ-166/P1-PJ-166-33.jpg","jewelry","0.99679315"
"m/PJ-166/P1-PJ-166-31.jpg","desktop","0.9479098"
"m/PJ-166/P1-PJ-166-30.jpg","precious","0.9901736"
"m/PJ-166/P1-PJ-166-29.jpg","desktop","0.95852983"
"m/PJ-166/P1-PJ-166-28.jpg","desktop","0.95755213"
"m/PJ-166/P1-PJ-166-27.jpg","chain","0.9978847"
"m/PJ-166/P1-PJ-166-26.jpg","chain","0.9987747"
"m/PJ-166/M1-PJ-166-43.jpg","desktop","0.9787458"
"m/PJ-166/M1-PJ-166-42.jpg","desktop","0.9787458"
"m/PJ-166/M1-PJ-166-41.jpg","fashion","0.9932292"
"m/PJ-166/M1-PJ-166-40.jpg","fashion","0.9932292"
"m/PJ-166/M1-PJ-166-39.jpg","wedding","0.9832516"
"m/PJ-166/M1-PJ-166-38.jpg","wedding","0.9832516"
"m/PJ-166/M1-PJ-166-36.jpg","desktop","0.97020876"
"m/PJ-166/M1-PJ-166-35.jpg","desktop","0.97020876"
"m/PJ-166/M1-PJ-166-34.jpg","beach","0.9944308"
"m/PJ-166/M1-PJ-166-33.jpg","beach","0.9944308"
"m/PJ-166/M1-PJ-166-31.jpg","desktop","0.95247084"
"m/PJ-166/M1-PJ-166-30.jpg","desktop","0.9656029"
"m/PJ-166/M1-PJ-166-29.jpg","paper","0.9754565"
"m/PJ-166/M1-PJ-166-28.jpg","paper","0.9754565"
"m/PJ-166/M1-PJ-166-27.jpg","desktop","0.96661925"
"m/PJ-166/M1-PJ-166-26.jpg","desktop","0.96661925"
"m/pool/K605Wg6MSiav07JSq825_P1-PJ-290-39.jpg","illustration","0.9701644"
"m/PJ-591/M1-PJ-591-4.jpg","room","0.9945732"
"m/PJ-591/M1-PJ-591-17.jpg","room","0.9977486"
"m/PJ-591/M1-PJ-591-12.jpg","room","0.9930741"
"m/PJ-591/P1-PJ-591-9.jpg","illustration","0.9853919"
"m/PJ-591/P1-PJ-591-8.jpg","illustration","0.98859376"
"m/PJ-591/P1-PJ-591-7.jpg","illustration","0.98514163"
"m/PJ-591/P1-PJ-591-6.jpg","vector","0.98063743"
"m/PJ-591/P1-PJ-591-5.jpg","illustration","0.9858834"
"m/PJ-591/P1-PJ-591-4.jpg","silhouette","0.982839"
"m/PJ-591/P1-PJ-591-3.jpg","vector","0.9903958"
"m/PJ-591/P1-PJ-591-2.jpg","vector","0.9954177"
"m/PJ-591/P1-PJ-591-18.jpg","illustration","0.99123394"
"m/PJ-591/P1-PJ-591-17.jpg","illustration","0.98708373"
"m/PJ-591/P1-PJ-591-16.jpg","illustration","0.9892454"
"m/PJ-591/P1-PJ-591-15.jpg","vector","0.9898641"
"m/PJ-591/P1-PJ-591-14.jpg","illustration","0.98436666"
"m/PJ-591/P1-PJ-591-13.jpg","symbol","0.9881258"
"m/PJ-591/P1-PJ-591-12.jpg","symbol","0.9837593"
"m/PJ-591/P1-PJ-591-11.jpg","illustration","0.95988953"
"m/PJ-591/P1-PJ-591-10.jpg","business","0.98854446"
"m/PJ-591/P1-PJ-591-1.jpg","illustration","0.9641428"
"m/pool/BEYcrIuMRRq3FUPJzsYz_Yetiand_Banner.jpg","people","0.96388197"
"m/pool/Rh3AIKK4QeaMDbNie4TU_Yetiland_Avatar.jpg","illustration","0.97925866"
"m/pool/gpr9or5QxicVdWIhXSbb_m2FPJ-1102FPJ-110-29-M3.jpg","no person","0.9949139"
"m/PJ-110/PJ-110-31-M1.jpg","no person","0.99365526"
"m/PJ-110/PJ-110-30-M9.jpg","paper","0.9972011"
"m/PJ-110/PJ-110-30-M8.jpg","paper","0.99876416"
"m/PJ-110/PJ-110-30-M7.jpg","paper","0.99617696"
"m/PJ-110/PJ-110-30-M6.jpg","paper","0.99925363"
"m/PJ-110/PJ-110-30-M5.jpg","paper","0.9991034"
"m/PJ-110/PJ-110-30-M4.jpg","paper","0.9758383"
"m/PJ-110/PJ-110-30-M3.jpg","no person","0.9930469"
"m/PJ-110/PJ-110-30-M2.jpg","no person","0.9958613"
"m/PJ-110/PJ-110-30-M1.jpg","no person","0.98477834"
"m/PJ-110/PJ-110-29-M9.jpg","paper","0.9972011"
"m/PJ-110/PJ-110-29-M8.jpg","paper","0.99876416"
"m/PJ-110/PJ-110-29-M7.jpg","paper","0.99617696"
"m/PJ-110/PJ-110-29-M6.jpg","paper","0.99925363"
"m/PJ-110/PJ-110-29-M5.jpg","paper","0.9991034"
"m/PJ-110/PJ-110-29-M4.jpg","paper","0.9758383"
"m/PJ-110/PJ-110-29-M3.jpg","no person","0.9930469"
"m/PJ-110/PJ-110-29-M2.jpg","no person","0.9958613"
"m/PJ-110/PJ-110-29-M1.jpg","no person","0.9739907"
"m/PJ-110/PJ-110-28-M9.jpg","paper","0.9972011"
"m/PJ-110/PJ-110-28-M8.jpg","paper","0.99876416"
"m/PJ-110/PJ-110-28-M7.jpg","paper","0.99617696"
"m/PJ-110/PJ-110-28-M6.jpg","paper","0.99925363"
"m/PJ-110/PJ-110-28-M5.jpg","paper","0.9991034"
"m/PJ-110/PJ-110-28-M4.jpg","paper","0.9758383"
"m/PJ-110/PJ-110-28-M3.jpg","no person","0.9930469"
"m/PJ-110/PJ-110-28-M2.jpg","no person","0.9958613"
"m/PJ-110/PJ-110-28-M1.jpg","no person","0.9879736"
"m/PJ-110/PJ-110-27-M9.jpg","paper","0.9972011"
"m/PJ-110/PJ-110-27-M8.jpg","paper","0.99876416"
"m/PJ-110/PJ-110-27-M7.jpg","paper","0.99617696"
"m/PJ-110/PJ-110-27-M6.jpg","paper","0.99925363"
"m/PJ-110/PJ-110-27-M5.jpg","paper","0.9991034"
"m/PJ-110/PJ-110-27-M4.jpg","paper","0.9758383"
"m/PJ-110/PJ-110-27-M3.jpg","no person","0.9930469"
"m/PJ-110/PJ-110-27-M2.jpg","no person","0.9958613"
"m/PJ-110/PJ-110-27-M1.jpg","paper","0.9851471"
"m/PJ-110/PJ-110-26-M9.jpg","paper","0.9972011"
"m/PJ-110/PJ-110-26-M8.jpg","paper","0.99876416"
"m/PJ-110/PJ-110-26-M7.jpg","paper","0.99617696"
"m/PJ-110/PJ-110-26-M6.jpg","paper","0.99925363"
"m/PJ-110/PJ-110-26-M5.jpg","paper","0.9991034"
"m/PJ-110/PJ-110-26-M4.jpg","paper","0.9758383"
"m/PJ-110/PJ-110-26-M3.jpg","no person","0.9930469"
"m/PJ-110/PJ-110-26-M2.jpg","no person","0.9958613"
"m/PJ-110/PJ-110-26-M1.jpg","no person","0.9870312"
"m/PJ-110/PJ-110-25-M9.jpg","paper","0.98735154"
"m/PJ-110/PJ-110-25-M8.jpg","paper","0.99633455"
"m/PJ-441/PJ-441-166-P1.jpg","design","0.97803605"
"m/PJ-441/PJ-441-165-P1.jpg","design","0.9816382"
"m/PJ-441/PJ-441-164-P1.jpg","vector","0.95851946"
"m/PJ-441/PJ-441-163-P1.jpg","baptismal font","0.9783205"
"m/PJ-441/PJ-441-162-P1.jpg","baptismal font","0.998086"
"m/PJ-441/PJ-441-161-P1.jpg","alphabet","0.99624544"
"m/PJ-441/PJ-441-160-P1.jpg","handwriting","0.9976122"
"m/PJ-441/PJ-441-159-P1.jpg","vector","0.99231917"
"m/PJ-441/PJ-441-158-P1.jpg","alphabet","0.998908"
"m/PJ-441/PJ-441-157-P1.jpg","symbol","0.99111235"
"m/PJ-441/PJ-441-156-P1.jpg","symbol","0.97389996"
"m/PJ-441/PJ-441-155-P1.jpg","vector","0.98612154"
"m/PJ-441/PJ-441-154-P1.jpg","design","0.9718726"
"m/PJ-441/PJ-441-153-P1.jpg","vector","0.99299043"
"m/PJ-441/PJ-441-152-P1.jpg","baptismal font","0.99418616"
"m/PJ-441/PJ-441-151-P1.jpg","handwriting","0.99340224"
"m/PJ-441/PJ-441-150-P1.jpg","alphabet","0.9841055"
"m/PJ-441/PJ-441-149-P1.jpg","typography","0.9900766"
"m/PJ-441/PJ-441-148-P1.jpg","handwriting","0.9949539"
"m/PJ-441/PJ-441-147-P1.jpg","vector","0.9950788"
"m/PJ-441/PJ-441-146-P1.jpg","symbol","0.9716426"
"m/PJ-441/PJ-441-145-P1.jpg","vector","0.9922775"
"m/PJ-441/PJ-441-144-P1.jpg","symbol","0.98938876"
"m/PJ-441/PJ-441-143-P1.jpg","vector","0.98379564"
"m/PJ-441/PJ-441-142-P1.jpg","symbol","0.9920339"
"m/PJ-441/PJ-441-141-P1.jpg","art","0.9912512"
"m/PJ-441/P1-PJ-441-257.jpg","typography","0.9614283"
"m/PJ-441/P1-PJ-441-256.jpg","symbol","0.9716005"
"m/PJ-441/P1-PJ-441-255.jpg","paper","0.97706866"
"m/PJ-441/P1-PJ-441-254.jpg","typography","0.984375"
"m/PJ-441/P1-PJ-441-253.jpg","symbol","0.97878903"
"m/PJ-441/P1-PJ-441-252.jpg","text","0.9543997"
"m/PJ-441/P1-PJ-441-251.jpg","paper","0.97297156"
"m/PJ-441/P1-PJ-441-250.jpg","paper","0.96703434"
"m/PJ-441/P1-PJ-441-249.jpg","vector","0.974688"
"m/PJ-441/P1-PJ-441-248.jpg","gold","0.9706501"
"m/PJ-441/P1-PJ-441-247.jpg","illustration","0.9619521"
"m/PJ-441/P1-PJ-441-246.jpg","illustration","0.97751117"
"m/PJ-441/P1-PJ-441-245.jpg","woman","0.9851448"
"m/PJ-441/P1-PJ-441-244.jpg","retro","0.9743311"
"m/PJ-441/P1-PJ-441-243.jpg","nature","0.9797876"
"m/PJ-441/P1-PJ-441-242.jpg","nature","0.97884995"
"m/PJ-441/P1-PJ-441-241.jpg","desktop","0.9566174"
"m/PJ-441/P1-PJ-441-240.jpg","illustration","0.9603423"
"m/PJ-441/P1-PJ-441-239.jpg","illustration","0.97210073"
"m/PJ-441/P1-PJ-441-238.jpg","time","0.99474895"
"m/PJ-441/P1-PJ-441-237.jpg","illustration","0.96531117"
"m/PJ-441/P1-PJ-441-236.jpg","winter","0.99919796"
"m/PJ-441/P1-PJ-441-235.jpg","design","0.97712624"
"m/PJ-441/P1-PJ-441-234.jpg","bottle","0.93552005"
"m/PJ-441/P1-PJ-441-233.jpg","illustration","0.97706795"
"m/PJ-441/P1-PJ-441-232.jpg","illustration","0.96323097"
"m/PJ-441/P1-PJ-441-231.jpg","bottle","0.98420954"
"m/PJ-441/P1-PJ-441-230.jpg","vector","0.9792345"
"m/PJ-441/P1-PJ-441-229.jpg","picture frame","0.9881557"
"m/PJ-441/P1-PJ-441-228.jpg","vector","0.99178517"
"m/PJ-441/P1-PJ-441-227.jpg","decoration","0.9937126"
"m/PJ-441/P1-PJ-441-226.jpg","illustration","0.96829003"
"m/PJ-441/P1-PJ-441-225.jpg","vector","0.98875064"
"m/PJ-441/P1-PJ-441-224.jpg","vector","0.99059963"
"m/PJ-441/P1-PJ-441-223.jpg","symbol","0.99776435"
"m/PJ-441/P1-PJ-441-222.jpg","illustration","0.94915426"
"m/PJ-441/P1-PJ-441-221.jpg","illustration","0.95586395"
"m/PJ-441/P1-PJ-441-220.jpg","vector","0.9904697"
"m/PJ-441/P1-PJ-441-219.jpg","design","0.96740746"
"m/PJ-441/P1-PJ-441-218.jpg","illustration","0.9786558"
"m/PJ-441/P1-PJ-441-217.jpg","nature","0.9849713"
"m/PJ-441/P1-PJ-441-216.jpg","typography","0.98247397"
"m/PJ-441/P1-PJ-441-215.jpg","paper","0.9819474"
"m/PJ-590/P1-PJ-590-8.jpg","bird","0.9994108"
"m/PJ-590/P1-PJ-590-7.jpg","bird","0.9992728"
"m/PJ-590/P1-PJ-590-60.jpg","shellfish","0.9969684"
"m/PJ-590/P1-PJ-590-6.jpg","bird","0.9919292"
"m/PJ-590/P1-PJ-590-59.jpg","nature","0.93645835"
"m/PJ-590/P1-PJ-590-58.jpg","round","0.9617816"
"m/PJ-590/P1-PJ-590-57.jpg","nature","0.97179615"
"m/PJ-590/P1-PJ-590-56.jpg","shellfish","0.98803115"
"m/PJ-590/P1-PJ-590-55.jpg","seashell","0.9991195"
"m/PJ-590/P1-PJ-590-54.jpg","leaf","0.9953408"
"m/PJ-590/P1-PJ-590-53.jpg","leaf","0.99931824"
"m/PJ-590/P1-PJ-590-52.jpg","flower","0.99860996"
"m/PJ-590/P1-PJ-590-51.jpg","leaf","0.9982914"
"m/PJ-590/P1-PJ-590-50.jpg","flower","0.99878246"
"m/PJ-590/P1-PJ-590-5.jpg","animal","0.9966012"
"m/PJ-590/P1-PJ-590-49.jpg","leaf","0.9976863"
"m/PJ-590/P1-PJ-590-48.jpg","flower","0.99501014"
"m/PJ-590/P1-PJ-590-47.jpg","flower","0.98428416"
"m/PJ-590/P1-PJ-590-46.jpg","flower","0.9922325"
"m/PJ-590/P1-PJ-590-45.jpg","flower","0.98993015"
"m/PJ-590/P1-PJ-590-44.jpg","flower","0.9770329"
"m/PJ-590/P1-PJ-590-43.jpg","flower","0.99383795"
"m/PJ-590/P1-PJ-590-42.jpg","flower","0.9878918"
"m/PJ-590/P1-PJ-590-41.jpg","design","0.9884755"
"m/PJ-590/P1-PJ-590-40.jpg","leaf","0.9970144"
"m/PJ-590/P1-PJ-590-39.jpg","illustration","0.98272276"
"m/PJ-590/P1-PJ-590-38.jpg","insect","0.9927584"
"m/PJ-590/P1-PJ-590-37.jpg","butterfly","0.9758127"
"m/PJ-590/P1-PJ-590-36.jpg","butterfly","0.9997674"
"m/PJ-590/P1-PJ-590-35.jpg","insect","0.99584293"
"m/PJ-590/P1-PJ-590-34.jpg","illustration","0.98387706"
"m/PJ-590/P1-PJ-590-33.jpg","illustration","0.9862124"
"m/PJ-590/P1-PJ-590-32.jpg","insect","0.9997444"
"m/PJ-590/P1-PJ-590-30.jpg","flower","0.99668646"
"m/PJ-590/P1-PJ-590-3.jpg","animal","0.9967265"
"m/PJ-590/P1-PJ-590-29.jpg","flower","0.99136615"
"m/PJ-590/P1-PJ-590-28.jpg","nature","0.9617621"
"m/PJ-590/P1-PJ-590-27.jpg","illustration","0.98864686"
"m/PJ-590/P1-PJ-590-26.jpg","illustration","0.9839072"
"m/PJ-590/P1-PJ-590-25.jpg","flora","0.99760395"
"m/PJ-590/P1-PJ-590-24.jpg","decoration","0.9795619"
"m/PJ-590/P1-PJ-590-23.jpg","butterfly","0.99980366"
"m/PJ-590/P1-PJ-590-22.jpg","design","0.9863968"
"m/PJ-590/P1-PJ-590-21.jpg","butterfly","0.9998685"
"m/PJ-590/P1-PJ-590-20.jpg","butterfly","0.9992524"
"m/PJ-590/P1-PJ-590-19.jpg","butterfly","0.9979094"
"m/PJ-590/P1-PJ-590-18.jpg","butterfly","0.9983752"
"m/PJ-590/P1-PJ-590-17.jpg","butterfly","0.9999675"
"m/PJ-590/P1-PJ-590-16.jpg","decoration","0.98505974"
"m/PJ-590/P1-PJ-590-14.jpg","bird","0.9976965"
"m/PJ-590/P1-PJ-590-13.jpg","eagle","0.997355"
"m/PJ-590/P1-PJ-590-12.jpg","bird","0.99911654"
"m/PJ-590/P1-PJ-590-11.jpg","bird","0.9943198"
"m/PJ-590/P1-PJ-590-10.jpg","bird","0.9956899"
"m/PJ-590/P1-PJ-590-1.jpg","deer","0.99882543"
"m/pool/lBEC1zYvQkWZP1m5Pd2C_P1-PJ-424-99.jpg","picture frame","0.9894838"
"m/pool/eKz9smLBQk6squD5vYOH_P1-PJ-424-98.jpg","set","0.9902543"
"m/pool/3ojBJfE5Sbiankaq105z_P1-PJ-424-97.jpg","card","0.9668058"
"m/pool/FUegjMDZSGew3pszoBLa_P1-PJ-424-96.jpg","communication","0.9502045"
"m/pool/EcWFLJDeQhyuguT5ETdl_P1-PJ-424-95.jpg","illustration","0.96943355"
"m/pool/9TfmAmsYQxuqGiKKl9qL_P1-PJ-424-94.jpg","retro","0.961499"
"m/pool/w1jZzZyWQhOXustzDFdN_P1-PJ-424-93.jpg","landscape","0.98180115"
"m/pool/1nC83FyORuyHWoVjMVSg_P1-PJ-424-92.jpg","vector","0.98401177"
"m/pool/N4r3fx0iTFeAw0l4vTJR_P1-PJ-424-91.jpg","card","0.9882424"
"m/pool/0i1jcu6mTmy3AWKE3PLW_P1-PJ-424-90.jpg","illustration","0.98823136"
"m/pool/y19uERXQSSq6z0tvfXDM_P1-PJ-424-89.jpg","picture frame","0.9815146"
"m/pool/zP3AsIZMSfy74UL9QOFy_P1-PJ-424-88.jpg","desktop","0.96279085"
"m/pool/3v5ZJGqSLKUpJPh5wvey_P1-PJ-424-87.jpg","illustration","0.9876293"
"m/pool/lxniPpQmRV6hVOGZtMM2_P1-PJ-424-86.jpg","design","0.98311925"
"m/pool/O2SxM4SGivaUh3EDGwSi_P1-PJ-424-85.jpg","desktop","0.96898764"
"m/pool/Y7O3zU98QsyHpyYGkJB3_P1-PJ-424-84.jpg","no person","0.9625827"
"m/pool/o1wqdkxbSEaBobIzuSnh_P1-PJ-424-83.jpg","desktop","0.9820591"
"m/pool/6daQMz2QRPOvbtjUXFOX_P1-PJ-424-82.jpg","nature","0.9822551"
"m/pool/rlyBXdjRY2KYpCFu1umt_P1-PJ-424-81.jpg","paper","0.97818756"
"m/pool/Ytm5i4UTduMv6IGpnrVi_P1-PJ-424-80.jpg","desktop","0.9757471"
"m/pool/RyShfGKfTsStQdL9ugsQ_P1-PJ-424-7.jpg","picture frame","0.9794728"
"m/pool/hfUFSnpVSGq107tGs9Zj_P1-PJ-556-6.jpg","jewelry","0.99807847"
"m/PJ-248/P1-PJ-248-21.jpg","shape","0.98362786"
"m/PJ-248/P1-PJ-248-20.jpg","paper","0.9541746"
"m/PJ-248/P1-PJ-248-19.jpg","shape","0.9838663"
"m/PJ-248/P4-PJ-248-21.jpg","disjunct","0.9541992"
"m/PJ-248/P4-PJ-248-20.jpg","disjunct","0.95991546"
"m/PJ-248/P4-PJ-248-19.jpg","disjunct","0.95572275"
"m/PJ-248/P3-PJ-248-21.jpg","business","0.95582235"
"m/PJ-248/P3-PJ-248-20.jpg","symbol","0.9290588"
"m/PJ-248/P3-PJ-248-19.jpg","disjunct","0.93927723"
"m/PJ-248/P2-PJ-248-21.jpg","illustration","0.97167623"
"m/PJ-248/P2-PJ-248-20.jpg","illustration","0.9613966"
"m/PJ-248/P2-PJ-248-19.jpg","illustration","0.9799938"
"m/PJ-248/P2-PJ-248-18.jpg","hanging","0.9515657"
"m/PJ-248/P2-PJ-248-17.jpg","disjunct","0.9423144"
"m/PJ-248/P2-PJ-248-16.jpg","disjunct","0.96334755"
"m/PJ-248/P1-PJ-248-27.jpg","square","0.978361"
"m/PJ-248/P1-PJ-248-26.jpg","paper","0.9783252"
"m/PJ-248/P1-PJ-248-25.jpg","paper","0.99098283"
"m/PJ-248/P1-PJ-248-24.jpg","wood","0.9873151"
"m/PJ-248/P1-PJ-248-23.jpg","art","0.98186374"
"m/PJ-248/P1-PJ-248-22.jpg","wood","0.9792402"
"m/PJ-248/P1-PJ-248-18.jpg","chain","0.94506216"
"m/PJ-248/P1-PJ-248-17.jpg","chain","0.9857375"
"m/PJ-248/P1-PJ-248-16.jpg","gold","0.9353827"
"m/PJ-309/PJ-309-36-M1.jpg","flower","0.99711186"
"m/PJ-309/PJ-309-31-M1.jpg","woman","0.9930582"
"m/pool/hPZyhrLRHaIKfVgVpyli_m2FPJ-5802FP1-PJ-580-2.jpg","illustration","0.9775368"
"m/pool/5H3oXiQyoNCdpqOf4w6T_m2FPJ-5792FP1-PJ-579-15.jpg","nature","0.9781428"
"m/pool/7aclYkTyegtkGpLzavpQ_m2FPJ-5322FP1-PJ-532-82.jpg","wood","0.9807644"
"m/pool/vUGmIGnSVaLrYebORF2b_m2Fpool2FZsRYeaGeTxKbvYvZbIgo_P1-PJ-472-38.jpg","nature","0.9867051"
"m/pool/sVnY9HeSM2138pLVSYxQ_m2Fpool2FvZtInUurT32hVV0rXB0u_PJ-472-40-P1.jpg","illustration","0.98304516"
"m/pool/3BTuSDb8R62DrHDAdk1D_m2Fpool2FWn1GD23uQBymjNP24uVb_P1-PJ-585-12.jpg","paper","0.99387765"
"m/pool/Sp8tHV9fQTWRmDRCIcN0_m2FPJ-5682FP1-PJ-568-9.jpg","illustration","0.9876646"
"m/PJ-290/PJ-290-27-P2.jpg","design","0.9437797"
"m/PJ-290/PJ-290-25-P4.jpg","no person","0.9635861"
"m/PJ-290/PJ-290-25-P3.jpg","illustration","0.9670212"
"m/PJ-290/PJ-290-20-P2.jpg","fun","0.9630166"
"m/PJ-290/PJ-290-18-P2.jpg","fun","0.9630166"
"m/PJ-290/PJ-290-18-M1.jpg","people","0.9756876"
"m/PJ-290/13827309_516812265196646_1338001659_n.jpg","fun","0.9636665"
"m/PJ-472/P1-PJ-472-57.jpg","alphabet","0.98204297"
"m/PJ-472/P1-PJ-472-56.jpg","business","0.96007514"
"m/PJ-472/P1-PJ-472-55.jpg","symbol","0.9723089"
"m/PJ-472/P1-PJ-472-54.jpg","no person","0.97536016"
"m/PJ-472/P1-PJ-472-53.jpg","vector","0.99796605"
"m/PJ-472/P1-PJ-472-52.jpg","vector","0.99428916"
"m/PJ-472/P1-PJ-472-51.jpg","retro","0.96408296"
"m/PJ-472/P1-PJ-472-50.jpg","man","0.9657861"
"m/PJ-472/P1-PJ-472-49.jpg","isolated","0.937435"
"m/PJ-472/P1-PJ-472-48.jpg","illustration","0.97521293"
"m/PJ-472/P1-PJ-472-47.jpg","symbol","0.9470128"
"m/PJ-472/P1-PJ-472-46.jpg","no person","0.9766426"
"m/PJ-472/P1-PJ-472-45.jpg","illustration","0.98785925"
"m/PJ-579/P1-PJ-579-56.jpg","symbol","0.96759266"
"m/PJ-579/P1-PJ-579-55.jpg","symbol","0.97649455"
"m/PJ-579/P1-PJ-579-54.jpg","gem","0.995194"
"m/PJ-579/P1-PJ-579-53.jpg","design","0.966625"
"m/PJ-579/P1-PJ-579-52.jpg","illustration","0.981578"
"m/PJ-579/P1-PJ-579-51.jpg","design","0.9822736"
"m/PJ-579/P1-PJ-579-50.jpg","art","0.981653"
"m/pool/JpFdcpmRYeNBXgJG7aID_P1-PJ-556-1.jpg","nature","0.99174356"
"m/pool/XE8QVdukSVGOrQtq4DTa_P2-PJ-556-12.jpg","chain","0.98646843"
"m/pool/AnmJkib6QuASwOEAdD78_P1-PJ-556-13.jpg","pendant","0.9982984"
"m/pool/AxnrYA3kSFGLdU472e1g_P1-PJ-556-12.jpg","hanging","0.99688125"
"m/pool/UXTb2ixcS3GrYNHTcRwg_P1-PJ-556-7.jpg","wedding","0.9846497"
"m/pool/J1p8uLtWQEeZ6PP6rtx0_P1-PJ-556-5.jpg","paper","0.9485621"
"m/pool/3PVSQRZQSAygUGaIqOyx_P1-PJ-556-2.jpg","alphabet","0.99573004"
"m/pool/TVUHO3M1T4yOU9eOl1a0_PJ-581-1-P1.jpg","decoration","0.9817728"
"m/pool/0HjTqM1sSHSQbtqK9x7g_banner.jpg","illustration","0.9834831"
"m/pool/gwvoRWMQHesoEcIUz6J0_FA_TheCProject_Logo_BlackandWhite.png","symbol","0.97511864"
"m/PJ-581/P1-PJ-581-9.jpg","illustration","0.9963938"
"m/PJ-581/P1-PJ-581-8.jpg","illustration","0.9772146"
"m/PJ-581/P1-PJ-581-7.jpg","illustration","0.9845529"
"m/PJ-581/P1-PJ-581-6.jpg","decoration","0.96210825"
"m/PJ-581/P1-PJ-581-5.jpg","sketch","0.9587575"
"m/PJ-581/P1-PJ-581-4.jpg","illustration","0.992303"
"m/PJ-581/P1-PJ-581-3.jpg","art","0.99797773"
"m/PJ-581/P1-PJ-581-2.jpg","decoration","0.9907594"
"m/PJ-581/P1-PJ-581-11.jpg","design","0.9859905"
"m/PJ-581/P1-PJ-581-10.jpg","symbol","0.9953735"
"m/pool/CZmqkev8QlSk0GEEGBYS_M1-PJ-589-3.jpg","particle","0.96383417"
"m/pool/HKSVkuxRR8CLoE0aQ1w4_M1-PJ-589-3.jpg","particle","0.96383417"
"m/pool/gFgFJnQ6SgKBTUoWJPf1_M1-PJ-589-2.jpg","particle","0.96383417"
"m/pool/VQLxyw76QPKgQkykwst1_M1-PJ-589-1.jpg","particle","0.96383417"
"m/pool/h2duCWaySlqjTqneNSRP_M1-PJ-589-13.jpg","no person","0.9804665"
"m/pool/33BKFXxsRwyfJTIYku0s_M2-PJ-589-12.jpg","leaf","0.9939709"
"m/pool/XQC1yQK9Rfel6x5Ab427_M3-PJ-589-11.jpg","monochrome","0.99993956"
"m/pool/cd1TaOa0TrGWQCPQRedh_M2-PJ-589-11.jpg","no person","0.9819892"
"m/pool/NUD69wrlRoyxKXhVY3B6_M1-PJ-589-12.jpg","leaf","0.9972222"
"m/pool/xYt3w2R2R8SKIMnmTGmC_M1-PJ-589-11.jpg","rock","0.9958291"
"m/pool/1TQRak9RWaIriWrDjRCu_P1-PJ-589-16.jpg","alphabet","0.9913603"
"m/pool/HGvw3XRSmeL2O1pSwebY_P1-PJ-589-15.jpg","shape","0.9892626"
"m/PJ-589/P1-PJ-589-14.jpg","jewelry","0.96302176"
"m/PJ-589/P1-PJ-589-11.jpg","desktop","0.9548144"
"m/pool/ncgQ34d2QrGHQdZpJKej_P1-PJ-589-13.jpg","shining","0.9884628"
"m/PJ-589/P3-PJ-589-12.jpg","art","0.9562726"
"m/PJ-589/P2-PJ-589-12.jpg","jewelry","0.9911026"
"m/PJ-589/P1-PJ-589-12.jpg","jewelry","0.9616636"
"m/PJ-589/P4-PJ-589-18.jpg","square","0.9845065"
"m/PJ-589/P3-PJ-589-18.jpg","no person","0.99283993"
"m/PJ-589/P2-PJ-589-7.jpg","shining","0.98621726"
"m/PJ-589/P2-PJ-589-6.jpg","steel","0.99406993"
"m/PJ-589/P2-PJ-589-5.jpg","art","0.9548305"
"m/PJ-589/P2-PJ-589-4.jpg","no person","0.9784516"
"m/PJ-589/P2-PJ-589-3.jpg","no person","0.987592"
"m/PJ-589/P2-PJ-589-2.jpg","no person","0.96476793"
"m/PJ-589/P2-PJ-589-18.jpg","shape","0.9823338"
"m/PJ-589/P2-PJ-589-17.jpg","alphabet","0.9873392"
"m/PJ-589/P2-PJ-589-1.jpg","fruit","0.97772866"
"m/PJ-589/P1-PJ-589-8.jpg","no person","0.98303616"
"m/PJ-589/P1-PJ-589-7.jpg","jewelry","0.9640769"
"m/PJ-589/P1-PJ-589-6.jpg","art","0.97888356"
"m/PJ-589/P1-PJ-589-5.jpg","art","0.97130215"
"m/PJ-589/P1-PJ-589-4.jpg","no person","0.9866065"
"m/PJ-589/P1-PJ-589-3.jpg","no person","0.9591431"
"m/PJ-589/P1-PJ-589-2.jpg","no person","0.96630734"
"m/PJ-589/P1-PJ-589-18.jpg","illustration","0.98647624"
"m/PJ-589/P1-PJ-589-17.jpg","jewelry","0.9797236"
"m/PJ-589/P1-PJ-589-15.jpg","shape","0.98909044"
"m/PJ-589/P1-PJ-589-13.jpg","shining","0.98761284"
"m/PJ-589/P1-PJ-589-1.jpg","no person","0.9774176"
"m/PJ-583/P2-PJ-583-9.jpg","no person","0.9793546"
"m/PJ-583/P2-PJ-583-8.jpg","no person","0.968917"
"m/PJ-583/P2-PJ-583-6.jpg","paper","0.9809243"
"m/PJ-583/P2-PJ-583-4.jpg","no person","0.98104894"
"m/PJ-583/P2-PJ-583-3.jpg","no person","0.9532534"
"m/PJ-583/P2-PJ-583-15.jpg","no person","0.95359254"
"m/PJ-583/P2-PJ-583-14.jpg","paper","0.9668534"
"m/PJ-583/P2-PJ-583-13.jpg","paper","0.97142935"
"m/PJ-583/P2-PJ-583-12.jpg","paper","0.9846145"
"m/PJ-583/P2-PJ-583-11.jpg","no person","0.98159444"
"m/PJ-583/P2-PJ-583-10.jpg","no person","0.98131484"
"m/PJ-583/P1-PJ-583-9.jpg","illustration","0.97852325"
"m/PJ-583/P1-PJ-583-8.jpg","illustration","0.9920707"
"m/PJ-583/P1-PJ-583-7.jpg","business","0.9681729"
"m/PJ-583/P1-PJ-583-6.jpg","illustration","0.996588"
"m/PJ-583/P1-PJ-583-5.jpg","symbol","0.95689166"
"m/PJ-583/P1-PJ-583-4.jpg","illustration","0.98470306"
"m/PJ-583/P1-PJ-583-3.jpg","illustration","0.9740982"
"m/PJ-583/P1-PJ-583-2.jpg","illustration","0.9753121"
"m/PJ-583/P1-PJ-583-16.jpg","illustration","0.97921443"
"m/PJ-583/P1-PJ-583-15.jpg","illustration","0.98087573"
"m/PJ-583/P1-PJ-583-14.jpg","illustration","0.9663548"
"m/PJ-583/P1-PJ-583-13.jpg","illustration","0.97302204"
"m/PJ-583/P1-PJ-583-12.jpg","symbol","0.973588"
"m/PJ-583/P1-PJ-583-11.jpg","illustration","0.98451376"
"m/PJ-583/P1-PJ-583-10.jpg","symbol","0.98515725"
"m/PJ-583/P1-PJ-583-1.jpg","symbol","0.981817"
"m/PJ-583/M1-PJ-583-6.jpg","denim","0.99707615"
"m/PJ-583/M1-PJ-583-3.jpg","denim","0.9944831"
"m/PJ-583/M1-PJ-583-15.jpg","denim","0.9944831"
"m/PJ-583/M1-PJ-583-12.jpg","denim","0.99707615"
"m/PJ-441/P1-PJ-441-264.jpg","disjunct","0.96048295"
"m/PJ-441/P1-PJ-441-263.jpg","typography","0.9900935"
"m/PJ-441/P1-PJ-441-262.jpg","desktop","0.9222972"
"m/PJ-441/P1-PJ-441-261.jpg","vector","0.98499477"
"m/PJ-441/P1-PJ-441-260.jpg","nature","0.993135"
"m/PJ-441/P1-PJ-441-259.jpg","feather","0.98553073"
"m/PJ-441/P1-PJ-441-258.jpg","illustration","0.98676574"
"m/PJ-546/PJ-546-70-P3.jpg","paper","0.97932464"
"m/PJ-546/PJ-546-70-P2.jpg","cushion","0.93563306"
"m/PJ-546/PJ-546-70-P1.jpg","pillow","0.98128796"
"m/PJ-546/PJ-546-69-P2.jpg","no person","0.9980289"
"m/PJ-546/PJ-546-69-P1.jpg","no person","0.9975419"
"m/PJ-546/PJ-546-68-P2.jpg","no person","0.9892466"
"m/PJ-546/PJ-546-68-P1.jpg","no person","0.9961014"
"m/PJ-546/PJ-546-67-P2.jpg","no person","0.9904043"
"m/PJ-546/PJ-546-67-P1.jpg","no person","0.9905901"
"m/PJ-546/PJ-546-66-P2.jpg","no person","0.9956906"
"m/PJ-546/PJ-546-66-P1.jpg","no person","0.99391526"
"m/PJ-546/PJ-546-65-P2.jpg","fabric","0.99700344"
"m/PJ-546/PJ-546-65-P1.jpg","fabric","0.99661046"
"m/PJ-441/P1-PJ-441-214.jpg","text","0.9776156"
"m/PJ-441/P1-PJ-441-213.jpg","illustration","0.99159807"
"m/PJ-441/P1-PJ-441-212.jpg","paper","0.9768914"
"m/PJ-441/P1-PJ-441-211.jpg","illustration","0.96874106"
"m/PJ-441/P1-PJ-441-210.jpg","illustration","0.9875523"
"m/PJ-441/P1-PJ-441-209.jpg","paper","0.9893523"
"m/PJ-441/P1-PJ-441-208.jpg","illustration","0.9777407"
"m/PJ-441/P1-PJ-441-207.jpg","illustration","0.99510574"
"m/PJ-441/P1-PJ-441-206.jpg","illustration","0.9952446"
"m/PJ-441/P1-PJ-441-205.jpg","illustration","0.9888705"
"m/PJ-441/P1-PJ-441-204.jpg","paper","0.9608828"
"m/PJ-441/P1-PJ-441-203.jpg","vector","0.99256825"
"m/PJ-441/P1-PJ-441-202.jpg","paper","0.9936793"
"m/PJ-441/P1-PJ-441-201.jpg","design","0.97475034"
"m/PJ-441/P1-PJ-441-200.jpg","no person","0.98612833"
"m/PJ-441/P1-PJ-441-199.jpg","no person","0.957093"
"m/PJ-441/P1-PJ-441-198.jpg","inspiration","0.9690356"
"m/PJ-441/P1-PJ-441-197.jpg","design","0.9840926"
"m/PJ-441/P1-PJ-441-196.jpg","vector","0.9910461"
"m/PJ-441/P1-PJ-441-195.jpg","illustration","0.96708655"
"m/PJ-441/P1-PJ-441-194.jpg","illustration","0.91982675"
"m/PJ-441/P1-PJ-441-193.jpg","illustration","0.9822384"
"m/PJ-441/P1-PJ-441-192.jpg","illustration","0.96590734"
"m/PJ-441/P1-PJ-441-191.jpg","vector","0.98040426"
"m/PJ-441/P1-PJ-441-190.jpg","chalk","0.9534741"
"m/PJ-441/P1-PJ-441-189.jpg","picture frame","0.95950305"
"m/PJ-441/P1-PJ-441-188.jpg","no person","0.9484386"
"m/PJ-441/P1-PJ-441-187.jpg","picture frame","0.96269596"
"m/PJ-441/P1-PJ-441-186.jpg","time","0.956043"
"m/PJ-441/P1-PJ-441-185.jpg","illustration","0.9624862"
"m/PJ-441/P1-PJ-441-184.jpg","vector","0.9373843"
"m/PJ-441/P1-PJ-441-183.jpg","vector","0.97537535"
"m/PJ-441/P1-PJ-441-182.jpg","alphabet","0.98856795"
"m/PJ-441/P1-PJ-441-181.jpg","illustration","0.9858639"
"m/PJ-441/P1-PJ-441-180.jpg","symbol","0.990409"
"m/PJ-441/P1-PJ-441-179.jpg","illustration","0.99071705"
"m/PJ-441/P1-PJ-441-178.jpg","illustration","0.9838009"
"m/PJ-441/P1-PJ-441-177.jpg","vector","0.98310673"
"m/PJ-441/P1-PJ-441-176.jpg","vector","0.9914025"
"m/PJ-441/P1-PJ-441-175.jpg","illustration","0.99344647"
"m/PJ-441/P1-PJ-441-174.jpg","illustration","0.9587679"
"m/PJ-441/P1-PJ-441-173.jpg","illustration","0.9930787"
"m/pool/7amjmyePTUuNVMHUYPwV_m2Fpool2Fy1DYblYbTy7GSwqqOuGr_P1-PJ-585-11.jpg","paper","0.9960459"
"m/pool/zoZbdvn4SGqk3USgXFOA_P1-PJ-585-18.jpg","paper","0.978588"
"m/pool/cLK2U8IYQ8qRzNvxhK0P_P1-PJ-585-4.jpg","no person","0.9934888"
"m/pool/8Nsdk6wjRnuCPJac9Rv8_P1-PJ-585-10.jpg","no person","0.9774026"
"m/pool/TWAktKpTk23dgiE8cPGl_P1-PJ-585-1.jpg","paper","0.99189484"
"m/pool/4wBFTvNeTHeBWyBYCS50_P1-PJ-585-6.jpg","paper","0.99485856"
"m/pool/wkG8VDbQ9W9jKQ8A3EEw_P1-PJ-585-22.jpg","no person","0.9774026"
"m/pool/nZN0Z1REacIbSD5m8rXQ_P1-PJ-585-15.jpg","illustration","0.96020067"
"m/pool/y1DYblYbTy7GSwqqOuGr_P1-PJ-585-11.jpg","paper","0.99503255"
"m/pool/IAcyfrnMTsOhJSyftlnu_P1-PJ-585-21.jpg","design","0.9661279"
"m/pool/DMMfPu97SZyK9caQCRer_P1-PJ-585-20.jpg","no person","0.988695"
"m/pool/1vwegNcMTcW2yRXr2LOy_P1-PJ-585-19.jpg","paper","0.988687"
"m/pool/AFgDqLx4RWuF6ljmMpDs_P1-PJ-585-16.jpg","illustration","0.97370803"
"m/pool/fPPOxFgKR5OyoctPdjHt_P1-PJ-585-9.jpg","no person","0.9850571"
"m/pool/TEXW02C7TW1GGM84SrAk_P1-PJ-585-13.jpg","paper","0.9898138"
"m/pool/gNDzY7pQZKP1tngCvoYA_P1-PJ-585-8.jpg","triangle","0.9741912"
"m/pool/QvlUl5wpQ0aRSJfP249h_P1-PJ-585-3.jpg","empty","0.9955712"
"m/pool/TYyhYBt2RlWjOfKd73eq_P1-PJ-585-5.jpg","paper","0.99627465"
"m/pool/VpGR1S76QrSGtUCJ4E9r_P1-PJ-585-14.jpg","design","0.95349824"
"m/pool/43JvuJtFSo664ZavWtgC_P1-PJ-585-17.jpg","illustration","0.9653459"
"m/pool/Wn1GD23uQBymjNP24uVb_P1-PJ-585-12.jpg","paper","0.99288875"
"m/pool/HH9sJrg0SxCEeHif1RWX_P1-PJ-585-7.jpg","no person","0.9854878"
"m/pool/KCfMa9eRkODL2WXOpQ9E_P1-PJ-585-2.jpg","paper","0.9694283"
"m/PJ-588/P1-PJ-588-9.jpg","no person","0.9798541"
"m/PJ-588/P1-PJ-588-8.jpg","triangle","0.97825325"
"m/PJ-588/P1-PJ-588-7.jpg","no person","0.98184955"
"m/PJ-588/P1-PJ-588-6.jpg","paper","0.99455106"
"m/PJ-588/P1-PJ-588-5.jpg","paper","0.9957559"
"m/PJ-588/P1-PJ-588-4.jpg","no person","0.99035215"
"m/PJ-588/P1-PJ-588-3.jpg","empty","0.99511683"
"m/PJ-588/P1-PJ-588-22.jpg","no person","0.9760678"
"m/PJ-588/P1-PJ-588-21.jpg","design","0.9720398"
"m/PJ-588/P1-PJ-588-20.jpg","no person","0.98822534"
"m/PJ-588/P1-PJ-588-2.jpg","paper","0.96637994"
"m/PJ-588/P1-PJ-588-19.jpg","paper","0.98759687"
"m/PJ-588/P1-PJ-588-18.jpg","illustration","0.9777975"
"m/PJ-588/P1-PJ-588-17.jpg","illustration","0.9703316"
"m/PJ-588/P1-PJ-588-16.jpg","illustration","0.97566533"
"m/PJ-588/P1-PJ-588-15.jpg","illustration","0.9657457"
"m/PJ-588/P1-PJ-588-14.jpg","design","0.9620732"
"m/PJ-588/P1-PJ-588-13.jpg","paper","0.989007"
"m/PJ-588/P1-PJ-588-12.jpg","paper","0.9906958"
"m/PJ-588/P1-PJ-588-11.jpg","paper","0.99345005"
"m/PJ-588/P1-PJ-588-10.jpg","no person","0.9760678"
"m/PJ-588/P1-PJ-588-1.jpg","paper","0.9900391"
"m/PJ-508/PJ-508-9-M4.jpg","show","0.94687593"
"m/PJ-508/PJ-508-9-M2.jpg","no person","0.9712918"
"m/PJ-508/PJ-508-9-M1.jpg","business","0.9686514"
"m/PJ-508/PJ-508-8-M4.jpg","show","0.94687593"
"m/PJ-508/PJ-508-8-M2.jpg","no person","0.9712918"
"m/PJ-508/PJ-508-8-M1.jpg","business","0.9686514"
"m/PJ-508/PJ-508-9-P5.jpg","round out","0.9657829"
"m/PJ-508/PJ-508-9-P4.jpg","isolated","0.9434264"
"m/PJ-508/PJ-508-9-P3.jpg","business","0.9408598"
"m/PJ-508/PJ-508-9-P2.jpg","clock","0.9747501"
"m/PJ-508/PJ-508-9-P1.jpg","clock","0.9675842"
"m/PJ-508/PJ-508-8-P5.jpg","illustration","0.9571548"
"m/PJ-508/PJ-508-8-P4.jpg","no person","0.96234727"
"m/PJ-508/PJ-508-8-P3.jpg","illustration","0.94846296"
"m/PJ-508/PJ-508-8-P2.jpg","round out","0.9695447"
"m/PJ-508/PJ-508-8-P1.jpg","desktop","0.9429966"
"m/PJ-16/PJ-16-34-M2.jpg","woman","0.9966076"
"m/PJ-16/PJ-16-30-M2.jpg","woman","0.9890179"
"m/PJ-16/PJ-16-26-M1.jpg","fashion","0.99645436"
"m/PJ-16/PJ-16-25-M1.jpg","woman","0.99806535"
"m/PJ-16/PJ-16-22-P2.jpg","rope","0.9522273"
"m/PJ-16/PJ-16-20-P2.jpg","no person","0.98027647"
"m/PJ-16/PJ-16-19-P2.jpg","no person","0.98212063"
"m/pool/9G2lzGfRgShKlyBWz7eR_2_olli_linen_childreansapron_beige_300.jpg","dress","0.96658105"
"m/pool/Y1TXZ8YQ2ioMvxrQyX3g_P1-PJ-559-31.jpg","pillow","0.9938976"
"m/pool/VAqhWNR2GAlPPuB8U3MQ_M1-PJ-559-3.jpg","furniture","0.999131"
"m/pool/ozvQHskQcWxombhJG1mw_P1-PJ-559-3.jpg","no person","0.9795112"
"m/pool/J30w68KvSgG7UV1q1Ao4_M1-PJ-559-2.jpg","family","0.9667419"
"m/pool/uV7tslrpTdqwb8RcIpNt_P1-PJ-559-2.jpg","fabric","0.97613704"
"m/pool/XDdVdg3R76DqyehPukIW_P1-PJ-559-1.jpg","cotton","0.99288595"
"m/PJ-518/M1-PJ-518-99.jpg","empty","0.9946877"
"m/PJ-518/M1-PJ-518-95.jpg","empty","0.99766666"
"m/PJ-518/M1-PJ-518-94.jpg","picture frame","0.9866221"
"m/PJ-518/M1-PJ-518-91.jpg","wood","0.9943197"
"m/PJ-518/M1-PJ-518-87.jpg","wall","0.98524636"
"m/PJ-518/M1-PJ-518-85.jpg","wall","0.9834791"
"m/PJ-518/M1-PJ-518-82.jpg","picture frame","0.97313493"
"m/PJ-518/M1-PJ-518-80.jpg","wall","0.9761774"
"m/PJ-518/M1-PJ-518-79.jpg","no person","0.9575963"
"m/PJ-518/M1-PJ-518-78.jpg","wall","0.9865773"
"m/PJ-518/M1-PJ-518-77.jpg","empty","0.99679184"
"m/PJ-518/M1-PJ-518-117.jpg","wall","0.9957839"
"m/PJ-518/M1-PJ-518-115.jpg","empty","0.9961913"
"m/PJ-518/M1-PJ-518-114.jpg","empty","0.9991066"
"m/PJ-518/M1-PJ-518-112.jpg","wall","0.99511504"
"m/PJ-518/M1-PJ-518-110.jpg","empty","0.98807955"
"m/PJ-518/M1-PJ-518-106.jpg","empty","0.9961481"
"m/PJ-518/M1-PJ-518-103.jpg","wall","0.9953674"
"m/PJ-518/M1-PJ-518-102.jpg","wall","0.99290043"
"m/PJ-518/P1-PJ-518-99.jpg","blank","0.9874071"
"m/PJ-518/P1-PJ-518-98.jpg","flora","0.9740152"
"m/PJ-518/P1-PJ-518-97.jpg","leaf","0.99790716"
"m/PJ-518/P1-PJ-518-96.jpg","monochrome","0.9888506"
"m/PJ-518/P1-PJ-518-95.jpg","picture frame","0.99161685"
"m/PJ-518/P1-PJ-518-94.jpg","nature","0.97961915"
"m/PJ-518/P1-PJ-518-93.jpg","nature","0.9848063"
"m/PJ-518/P1-PJ-518-92.jpg","beach","0.9904608"
"m/PJ-518/P1-PJ-518-91.jpg","sunset","0.99557126"
"m/PJ-518/P1-PJ-518-90.jpg","sky","0.99181926"
"m/PJ-518/P1-PJ-518-89.jpg","retro","0.95968723"
"m/PJ-518/P1-PJ-518-88.jpg","beach","0.95794165"
"m/PJ-518/P1-PJ-518-87.jpg","people","0.95093495"
"m/PJ-518/P1-PJ-518-86.jpg","sea","0.9597992"
"m/PJ-518/P1-PJ-518-85.jpg","flower","0.98159826"
"m/PJ-518/P1-PJ-518-84.jpg","nature","0.9905026"
"m/PJ-518/P1-PJ-518-83.jpg","picture frame","0.9640477"
"m/PJ-518/P1-PJ-518-82.jpg","retro","0.9543229"
"m/PJ-518/P1-PJ-518-81.jpg","paper","0.9826517"
"m/PJ-518/P1-PJ-518-80.jpg","nature","0.9805089"
"m/PJ-518/P1-PJ-518-79.jpg","desktop","0.9804441"
"m/PJ-518/P1-PJ-518-78.jpg","no person","0.9706344"
"m/PJ-518/P1-PJ-518-77.jpg","water","0.96793437"
"m/PJ-518/P1-PJ-518-119.jpg","sunset","0.9947432"
"m/PJ-518/P1-PJ-518-118.jpg","monochrome","0.98283005"
"m/PJ-518/P1-PJ-518-117.jpg","silhouette","0.9900825"
"m/PJ-518/P1-PJ-518-116.jpg","sea","0.99312425"
"m/PJ-518/P1-PJ-518-115.jpg","nature","0.99163556"
"m/PJ-518/P1-PJ-518-114.jpg","picture frame","0.98577046"
"m/PJ-518/P1-PJ-518-113.jpg","wing","0.99922156"
"m/PJ-518/P1-PJ-518-112.jpg","sea","0.991395"
"m/PJ-518/P1-PJ-518-111.jpg","sunset","0.96360564"
"m/PJ-518/P1-PJ-518-110.jpg","blank","0.98649657"
"m/PJ-518/P1-PJ-518-109.jpg","tree","0.98960984"
"m/PJ-518/P1-PJ-518-108.jpg","sunset","0.99092287"
"m/PJ-518/P1-PJ-518-107.jpg","sunset","0.99641633"
"m/PJ-518/P1-PJ-518-106.jpg","blank","0.99109614"
"m/PJ-518/P1-PJ-518-105.jpg","blank","0.9888861"
"m/PJ-518/P1-PJ-518-104.jpg","sky","0.9635782"
"m/PJ-518/P1-PJ-518-103.jpg","bill","0.95103437"
"m/PJ-518/P1-PJ-518-102.jpg","internet","0.88832414"
"m/PJ-518/P1-PJ-518-101.jpg","beach","0.94069993"
"m/PJ-518/P1-PJ-518-100.jpg","blank","0.9824182"
"m/PJ-545/P1-PJ-545-9.jpg","no person","0.90702814"
"m/PJ-545/P1-PJ-545-8.jpg","jewelry","0.9980073"
"m/PJ-545/P1-PJ-545-3.jpg","gem","0.99811524"
"m/PJ-545/P1-PJ-545-2.jpg","precious","0.95286596"
"m/PJ-545/P1-PJ-545-16.jpg","chain","0.9996529"
"m/PJ-545/P1-PJ-545-14.jpg","jewelry","0.98677975"
"m/PJ-545/P1-PJ-545-13.jpg","hanging","0.9914546"
"m/PJ-545/P1-PJ-545-12.jpg","shining","0.9989728"
"m/PJ-545/P1-PJ-545-11.jpg","Christmas","0.97836435"
"m/PJ-545/P1-PJ-545-1.jpg","precious","0.99747753"
"m/pool/mmG0JgVXRDiN5FVwSDEX_joemaniaLogo.jpg","image","0.9916105"
"m/PJ-25/PJ-25-57-P3.jpg","precious","0.9976333"
"m/PJ-556/P3-PJ-556-10.jpg","desktop","0.9494183"
"m/PJ-556/P2-PJ-556-9.jpg","chain","0.97714746"
"m/PJ-556/P2-PJ-556-8.jpg","chain","0.9877842"
"m/PJ-556/P2-PJ-556-3.jpg","jewelry","0.99928033"
"m/PJ-556/P2-PJ-556-10.jpg","art","0.97768295"
"m/PJ-556/P1-PJ-556-9.jpg","alphabet","0.9672719"
"m/PJ-556/P1-PJ-556-8.jpg","no person","0.97737575"
"m/PJ-556/P1-PJ-556-5.jpg","alphabet","0.9647578"
"m/PJ-556/P1-PJ-556-4.jpg","alphabet","0.9891218"
"m/PJ-556/P1-PJ-556-3.jpg","jewelry","0.99968415"
"m/PJ-556/P1-PJ-556-2.jpg","alphabet","0.99183846"
"m/PJ-556/P1-PJ-556-11.jpg","jewelry","0.9996089"
"m/PJ-556/P1-PJ-556-10.jpg","jewelry","0.98517406"
"m/PJ-556/P1-PJ-556-1.jpg","nature","0.9918786"
"m/PJ-556/M2-PJ-5564.jpg","woman","0.9890927"
"m/PJ-556/M2-PJ-556-1.jpg","woman","0.9890927"
"m/PJ-556/M1-PJ-556-7.jpg","hand","0.9953852"
"m/PJ-556/M1-PJ-556-5.jpg","sunglasses","0.9975841"
"m/PJ-556/M1-PJ-556-4.jpg","woman","0.9914028"
"m/PJ-556/M1-PJ-556-2.jpg","sunglasses","0.99882317"
"m/PJ-556/M1-PJ-556-12.jpg","woman","0.9890927"
"m/PJ-556/M1-PJ-556-11.jpg","jewelry","0.9948767"
"m/PJ-556/M1-PJ-556-1.jpg","woman","0.9934325"
"m/pool/28thcsV1RxKuzAkrSCE7_m2FPJ-5282FPJ-528-19-P2.jpg","no person","0.9958286"
"m/PJ-532/P1-PJ-532-98.jpg","illustration","0.99477017"
"m/PJ-532/P1-PJ-532-97.jpg","picture frame","0.97818637"
"m/PJ-532/P1-PJ-532-96.jpg","vector","0.9900142"
"m/PJ-532/P1-PJ-532-95.jpg","landscape","0.99519396"
"m/PJ-532/P1-PJ-532-94.jpg","monochrome","0.97198117"
"m/PJ-532/P1-PJ-532-93.jpg","landscape","0.9754642"
"m/PJ-532/P1-PJ-532-92.jpg","landscape","0.9981217"
"m/PJ-532/P1-PJ-532-91.jpg","antique","0.9734647"
"m/PJ-532/P1-PJ-532-90.jpg","picture frame","0.98960567"
"m/PJ-532/P1-PJ-532-89.jpg","landscape","0.98429847"
"m/PJ-532/P1-PJ-532-88.jpg","landscape","0.9920322"
"m/PJ-532/P1-PJ-532-87.jpg","picture frame","0.9911363"
"m/PJ-532/P1-PJ-532-86.jpg","nature","0.9948697"
"m/PJ-532/P1-PJ-532-85.jpg","blank","0.98740745"
"m/PJ-532/P1-PJ-532-84.jpg","landscape","0.9931439"
"m/PJ-532/P1-PJ-532-83.jpg","empty","0.9972348"
"m/PJ-532/P1-PJ-532-82.jpg","wood","0.98114043"
"m/PJ-532/P1-PJ-532-81.jpg","empty","0.96848726"
"m/PJ-532/P1-PJ-532-80.jpg","nature","0.9742359"
"m/PJ-532/P1-PJ-532-79.jpg","blank","0.9754745"
"m/PJ-532/P1-PJ-532-78.jpg","nature","0.9966861"
"m/PJ-532/P1-PJ-532-77.jpg","picture frame","0.97359437"
"m/PJ-532/P1-PJ-532-76.jpg","picture frame","0.96864843"
"m/PJ-532/P1-PJ-532-75.jpg","nature","0.9903415"
"m/PJ-532/P1-PJ-532-74.jpg","no person","0.97130966"
"m/PJ-532/P1-PJ-532-73.jpg","monochrome","0.97988"
"m/PJ-532/P1-PJ-532-72.jpg","picture frame","0.97006685"
"m/PJ-532/P1-PJ-532-71.jpg","nature","0.9921764"
"m/PJ-532/P1-PJ-532-70.jpg","blank","0.99366"
"m/PJ-532/P1-PJ-532-69.jpg","blank","0.9915978"
"m/PJ-340/PJ-340PJ-340-9-P3.jpg","retro","0.915972"